<?xml version="1.0" encoding="UTF-8"?>
<project-private xmlns="http://www.netbeans.org/ns/project-private/1">
    <editor-bookmarks xmlns="http://www.netbeans.org/ns/editor-bookmarks/2" lastBookmarkId="0"/>
    <open-files xmlns="http://www.netbeans.org/ns/projectui-open-files/2">
        <group>
            <file>file:/C:/Users/HP/Documents/NetBeansProjects/jsf1/src/java/ma/projet/domain/ServiceBean.java</file>
            <file>file:/C:/Users/HP/Documents/NetBeansProjects/jsf1/web/WEB-INF/web.xml</file>
            <file>file:/C:/Users/HP/Documents/NetBeansProjects/jsf1/src/java/ma/projet/domain/EmployeBean.java</file>
            <file>file:/C:/Users/HP/Documents/NetBeansProjects/jsf1/src/java/ma/projet/beans/Service.java</file>
            <file>file:/C:/Users/HP/Documents/NetBeansProjects/jsf1/web/index.xhtml</file>
            <file>file:/C:/Users/HP/Documents/NetBeansProjects/jsf1/src/java/hibernate.cfg.xml</file>
            <file>file:/C:/Users/HP/Documents/NetBeansProjects/jsf1/src/java/ma/projet/services/EmployeService.java</file>
            <file>file:/C:/Users/HP/Documents/NetBeansProjects/jsf1/web/employe.xhtml</file>
            <file>file:/C:/Users/HP/Documents/NetBeansProjects/jsf1/web/service.xhtml</file>
            <file>file:/C:/Users/HP/Documents/NetBeansProjects/jsf1/src/java/ma/projet/beans/Employe.java</file>
        </group>
    </open-files>
</project-private>
